id	filename	md5	size	state
195dab4b-31ae-4e1d-9e76-ff95bd1f9a23	TCGA.GBM.mutect.195dab4b-31ae-4e1d-9e76-ff95bd1f9a23.DR-6.0.somatic.maf.gz	b67f11bf45cfaab945827998d190d8be	19634323	live
72ea4e14-9d56-4f02-8fdf-9e8f10fea054	TCGA.ESCA.varscan.72ea4e14-9d56-4f02-8fdf-9e8f10fea054.DR-6.0.somatic.maf.gz	d068b1b2e00e9a6ae5724fe11453ddec	7900964	live
7b4b4699-16eb-4a7a-92ef-38ebce2fefa7	TCGA.THCA.muse.7b4b4699-16eb-4a7a-92ef-38ebce2fefa7.DR-6.0.somatic.maf.gz	f1fcb289bc65b96b1f77136d5318cb81	1282843	live
35c7d513-6562-4d07-8a77-daa9f3b0c200	TCGA.KIRC.somaticsniper.35c7d513-6562-4d07-8a77-daa9f3b0c200.DR-6.0.somatic.maf.gz	c77d23892c8041ff4469fb90cd6986a5	3500586	live
d761366c-9e61-42b3-8592-8bf61632b0e2	TCGA.LUSC.muse.d761366c-9e61-42b3-8592-8bf61632b0e2.DR-6.0.somatic.maf.gz	e7fabe29ba2cbc277d12ecbd307b012c	34937179	live
7fae10c8-aa3d-4d12-afd0-94e4bb6c1e66	TCGA.LIHC.varscan.7fae10c8-aa3d-4d12-afd0-94e4bb6c1e66.DR-6.0.somatic.maf.gz	2683ba22e95441bb61b12678a281cde1	10580217	live
95d4e7a9-91a8-4e28-9dae-1c769c891788	TCGA.PRAD.somaticsniper.95d4e7a9-91a8-4e28-9dae-1c769c891788.DR-6.0.somatic.maf.gz	532bcf67b6ac7c15d7f79bd9781d1139	4370803	live
2acf9a85-3ed1-4155-9485-a443a8c1b9b2	TCGA.LAML.mutect.2acf9a85-3ed1-4155-9485-a443a8c1b9b2.DR-6.0.somatic.maf.gz	8799f20e32b20a6f71dc3ff6d9b78f78	2995533	live
6c4df857-be5f-4850-b28e-b801fb5bdd7c	TCGA.HNSC.mutect.6c4df857-be5f-4850-b28e-b801fb5bdd7c.DR-6.0.somatic.maf.gz	658349bfca8a9e9fd8eabd84532eddeb	25251787	live
7f6d7c84-07b9-438f-9516-5e70c980599f	TCGA.BLCA.varscan.7f6d7c84-07b9-438f-9516-5e70c980599f.DR-6.0.somatic.maf.gz	836efc0828ecd75f81311a66dd3ca9b8	26535610	live
a4df17ae-b540-4ddb-9cc4-32c369b57d57	TCGA.UVM.mutect.a4df17ae-b540-4ddb-9cc4-32c369b57d57.DR-6.0.somatic.maf.gz	eb7a94af43ba3f3fe1f809b45c5cbd1c	475802	live
6b4d6aaf-17c1-4a66-a124-22c7d96f93f8	TCGA.LUAD.somaticsniper.6b4d6aaf-17c1-4a66-a124-22c7d96f93f8.DR-6.0.somatic.maf.gz	cd6495ea194aedda2da0763e7bb3fb3d	27373878	live
90399958-d30d-4b07-9fca-e7f9fd34534c	TCGA.CESC.mutect.90399958-d30d-4b07-9fca-e7f9fd34534c.DR-6.0.somatic.maf.gz	a31960e1e4c73fe56ed7a0d6020e1a11	22812443	live
b534e377-d359-4089-a68b-9988e430556c	TCGA.KIRC.varscan.b534e377-d359-4089-a68b-9988e430556c.DR-6.0.somatic.maf.gz	c47e0365584c2d6e01cea2c8ea7f71d7	4628346	live
3397f4b6-6092-4934-9a24-fb44dd917d62	TCGA.SARC.varscan.3397f4b6-6092-4934-9a24-fb44dd917d62.DR-6.0.somatic.maf.gz	10dab7aef34a6db3bcc263750b0e7530	5133624	live
6fcfff20-4993-4789-b27b-69d165130466	TCGA.BRCA.muse.6fcfff20-4993-4789-b27b-69d165130466.DR-6.0.somatic.maf.gz	97291dff325722d36eb823452b62db17	20801990	live
ffb80770-fb6a-436a-af3d-71665580b391	TCGA.READ.mutect.ffb80770-fb6a-436a-af3d-71665580b391.DR-6.0.somatic.maf.gz	31a6a5c37854a3be8842c47af427503c	13640761	live
0cb835cf-7795-4422-9bdb-82778c640253	TCGA.CHOL.mutect.0cb835cf-7795-4422-9bdb-82778c640253.DR-6.0.somatic.maf.gz	bad3154810cfdf45ba6552f43243dbdf	1255364	live
1b463a5c-153c-499e-ac1f-f0c909d6ff8f	TCGA.ESCA.mutect.1b463a5c-153c-499e-ac1f-f0c909d6ff8f.DR-6.0.somatic.maf.gz	eef169a3a34b90ad57e584f509e24efc	10225976	live
63cb25e6-7954-4c73-989b-5f87ef1e5d0b	TCGA.GBM.somaticsniper.63cb25e6-7954-4c73-989b-5f87ef1e5d0b.DR-6.0.somatic.maf.gz	7c2c3997a61d51cfd47fa3b9c70f06dd	9335664	live
0e75d253-14bf-4f48-9cbf-4ddb7b0dede1	TCGA.THYM.muse.0e75d253-14bf-4f48-9cbf-4ddb7b0dede1.DR-6.0.somatic.maf.gz	9227721c44cefcd39fc9d4763fc9a298	610689	live
27e1361f-60cc-494b-9825-39f94f7ccec2	TCGA.OV.varscan.27e1361f-60cc-494b-9825-39f94f7ccec2.DR-6.0.somatic.maf.gz	0304b995f41666a92882853281d03051	9275203	live
17ed4740-1272-4784-85c5-115c48a35d71	TCGA.THYM.somaticsniper.17ed4740-1272-4784-85c5-115c48a35d71.DR-6.0.somatic.maf.gz	048a140cd3975eb473859d63703c74a9	584672	live
412c1711-564b-4c25-bd5f-320696a4dfb6	TCGA.BLCA.mutect.412c1711-564b-4c25-bd5f-320696a4dfb6.DR-6.0.somatic.maf.gz	fed077bcc745c471992571cefe2e1bce	32552360	live
cee264aa-62c7-4db1-a3fc-8e5df0086ef3	TCGA.GBM.varscan.cee264aa-62c7-4db1-a3fc-8e5df0086ef3.DR-6.0.somatic.maf.gz	9b6f9f27f410aae4c52999e94f28a3a5	11380319	live
fc06e5d5-dd99-490f-9a4b-b3029df1e974	TCGA.LUAD.mutect.fc06e5d5-dd99-490f-9a4b-b3029df1e974.DR-6.0.somatic.maf.gz	6e3cba6a945536e92d9674bed0a4f1a5	48327501	live
0b4f69bd-e32e-484f-9948-6934ea230c4a	TCGA.LGG.varscan.0b4f69bd-e32e-484f-9948-6934ea230c4a.DR-6.0.somatic.maf.gz	debd678401ed0baee029964aa034e01d	6409017	live
75cc3e01-ebed-44b8-8920-d07f0fcf39b1	TCGA.LUAD.varscan.75cc3e01-ebed-44b8-8920-d07f0fcf39b1.DR-6.0.somatic.maf.gz	59870cc8c206d74ae45992af704507c2	37783412	live
c5c3865b-2803-4ebb-8693-30f2311479ea	TCGA.LIHC.mutect.c5c3865b-2803-4ebb-8693-30f2311479ea.DR-6.0.somatic.maf.gz	7aa186a9b718ab54d55b3c21b189587d	12693599	live
a3bd1898-227e-45b0-bd0b-10f9494ea973	TCGA.LIHC.somaticsniper.a3bd1898-227e-45b0-bd0b-10f9494ea973.DR-6.0.somatic.maf.gz	801e2dbf8fa0711e51f47868f64c08b8	9265509	live
72f7a89c-a0d2-4f3f-9f4c-816e9febd284	TCGA.KICH.mutect.72f7a89c-a0d2-4f3f-9f4c-816e9febd284.DR-6.0.somatic.maf.gz	0f7c05d39157f49d69944d14cda7ac30	724147	live
46d8e0d1-9d69-4a6a-98d5-69958b9d179b	TCGA.OV.mutect.46d8e0d1-9d69-4a6a-98d5-69958b9d179b.DR-6.0.somatic.maf.gz	af46840f9dc4e930df911243883c74b7	21860413	live
aa699d4e-4d46-41a5-8651-e83ff1d618da	TCGA.KICH.varscan.aa699d4e-4d46-41a5-8651-e83ff1d618da.DR-6.0.somatic.maf.gz	ce17c95c0b1f0704b1744ce69b138ac7	558050	live
1c5de7c5-9d5b-48df-a2e9-920c2849e9b0	TCGA.PAAD.somaticsniper.1c5de7c5-9d5b-48df-a2e9-920c2849e9b0.DR-6.0.somatic.maf.gz	ccf5b807de62f9ba6e58b4c1725e18cd	2590571	live
b286dd57-b803-4081-90ed-90549f2cd7a7	TCGA.KIRP.mutect.b286dd57-b803-4081-90ed-90549f2cd7a7.DR-6.0.somatic.maf.gz	d72f0eb86a4e41a6126135631224b8cc	7397034	live
78c75c50-e79e-4585-afb9-c674b5026708	TCGA.PAAD.mutect.78c75c50-e79e-4585-afb9-c674b5026708.DR-6.0.somatic.maf.gz	a6b78ac28c93d8b500b229cf0abcb6dd	7187541	live
1093fec9-6c39-4589-adeb-95f00e5e2181	TCGA.UCEC.muse.1093fec9-6c39-4589-adeb-95f00e5e2181.DR-6.0.somatic.maf.gz	05a3fed85119a45f96bdd081a4b2e8d0	152422834	live
59ef1e7e-7c6d-495c-8014-2b93d393b99d	TCGA.TGCT.varscan.59ef1e7e-7c6d-495c-8014-2b93d393b99d.DR-6.0.somatic.maf.gz	0d9a1e29f4a1e801a8f3707351873f01	558497	live
7a602b4d-c486-40c1-8b2c-e843c4692de1	TCGA.STAD.somaticsniper.7a602b4d-c486-40c1-8b2c-e843c4692de1.DR-6.0.somatic.maf.gz	6363b2f39cb7d7c0779e4f7a4f08f3ff	27434096	live
c73bb755-b2ff-473c-a6ed-b771f5de531c	TCGA.SKCM.mutect.c73bb755-b2ff-473c-a6ed-b771f5de531c.DR-6.0.somatic.maf.gz	8d6fa9d7070dde1a3a1b050c4fda6ca6	96996078	live
2b27eb4f-b020-4643-9ddf-6157a08acf57	TCGA.MESO.somaticsniper.2b27eb4f-b020-4643-9ddf-6157a08acf57.DR-6.0.somatic.maf.gz	e551da8ffb6d7cb869524f4cc69c6724	612267	live
96983226-d92a-449d-8890-e1b210cee0fe	TCGA.BRCA.mutect.96983226-d92a-449d-8890-e1b210cee0fe.DR-6.0.somatic.maf.gz	310f7984f48c8d42ef33ccd665ae88dd	29264968	live
02f0d869-188d-45a9-b8ff-156b39d86bfe	TCGA.KIRP.somaticsniper.02f0d869-188d-45a9-b8ff-156b39d86bfe.DR-6.0.somatic.maf.gz	214df466330f0dcb52005bc9e76f69fa	4261760	live
fe0d8db3-69d0-4509-9290-23f1d9e10378	TCGA.HNSC.somaticsniper.fe0d8db3-69d0-4509-9290-23f1d9e10378.DR-6.0.somatic.maf.gz	232d3c4658abd10dba99549779c4d5cf	14614131	live
011e9369-a30c-49d9-aa36-86c32ec8a7f8	TCGA.DLBC.somaticsniper.011e9369-a30c-49d9-aa36-86c32ec8a7f8.DR-6.0.somatic.maf.gz	c8a0f9fa0e3b1d828afe08ca8b5edf89	1120443	live
a6d600dc-0c81-48ce-a97b-de40846f36ef	TCGA.UVM.somaticsniper.a6d600dc-0c81-48ce-a97b-de40846f36ef.DR-6.0.somatic.maf.gz	b1d3bf932f2ded92ea89d1ca2dccbcf4	338209	live
ff7b5421-ae80-4c41-9b06-fcdb60aa1c6e	TCGA.SKCM.somaticsniper.ff7b5421-ae80-4c41-9b06-fcdb60aa1c6e.DR-6.0.somatic.maf.gz	c3d64c12d8bca63e75bae08ba1b3200f	65476173	live
80b63a24-1df5-49e6-887a-4b2f7b4d6405	TCGA.UCS.mutect.80b63a24-1df5-49e6-887a-4b2f7b4d6405.DR-6.0.somatic.maf.gz	35a85e5d5a3d1de60c4bc50af1c6f9ff	2373093	live
283d40b5-a656-4179-9a8f-a2f6e06fb900	TCGA.LUSC.somaticsniper.283d40b5-a656-4179-9a8f-a2f6e06fb900.DR-6.0.somatic.maf.gz	3d690aed70c66cd4f09c2ac7df330be9	27204041	live
1d6a8317-f66f-4b65-a93b-3990274bf3d8	TCGA.ACC.varscan.1d6a8317-f66f-4b65-a93b-3990274bf3d8.DR-6.0.somatic.maf.gz	6b8303c87decbf8c168133c35ca18c69	2183629	live
72ac40d6-31b7-4598-8fe4-06d4fb886b05	TCGA.PCPG.muse.72ac40d6-31b7-4598-8fe4-06d4fb886b05.DR-6.0.somatic.maf.gz	20f6460ac3e3d7f5e8fa0c2e36077b30	413053	live
ee848264-5230-4cbc-a9bc-65b2b698d61a	TCGA.MESO.varscan.ee848264-5230-4cbc-a9bc-65b2b698d61a.DR-6.0.somatic.maf.gz	2038b868a515d0efb0d813d7572b8cf1	742665	live
7c80ec05-da89-4900-9871-03ed695cb959	TCGA.PCPG.varscan.7c80ec05-da89-4900-9871-03ed695cb959.DR-6.0.somatic.maf.gz	148fce967df90d2cd09156fc704b20e5	416324	live
8c521454-cbac-4ea8-8814-8dbd199df94e	TCGA.LGG.muse.8c521454-cbac-4ea8-8814-8dbd199df94e.DR-6.0.somatic.maf.gz	f4057b445fe6339c5f85d17805699f35	6440724	live
72c550ce-0933-4e0c-b38a-ccdd726c66e1	TCGA.SKCM.varscan.72c550ce-0933-4e0c-b38a-ccdd726c66e1.DR-6.0.somatic.maf.gz	ecf1d48ba6454eecbcfeba74d5ca7210	90523134	live
9d8bd20b-7d42-41fa-87ca-52ad3d1313b3	TCGA.UCS.somaticsniper.9d8bd20b-7d42-41fa-87ca-52ad3d1313b3.DR-6.0.somatic.maf.gz	bfc68c6ac1488abefafb9c98a84e3e71	1808732	live
8b6cab7e-afb5-4cf2-afb3-9dbd8f94e3ce	TCGA.KIRP.muse.8b6cab7e-afb5-4cf2-afb3-9dbd8f94e3ce.DR-6.0.somatic.maf.gz	4c0083abddac6c5f0df928156a7c4350	4703973	live
39bd9505-80cd-43d8-a1b6-d924bd586716	TCGA.DLBC.varscan.39bd9505-80cd-43d8-a1b6-d924bd586716.DR-6.0.somatic.maf.gz	2351c72b05d0f6bc3dbd532e9d531341	1332811	live
5dd3362e-cf0f-47ab-b809-56b41d0cc57c	TCGA.PRAD.mutect.5dd3362e-cf0f-47ab-b809-56b41d0cc57c.DR-6.0.somatic.maf.gz	c32bfa1f9e6033a23b28dfa1584f775a	7194649	live
ee220317-c8ca-4a7b-8ccc-b7141ed42efc	TCGA.THCA.varscan.ee220317-c8ca-4a7b-8ccc-b7141ed42efc.DR-6.0.somatic.maf.gz	7940d4d207e75390b0f4b99cf160317e	1542786	live
d83b148c-fce2-4a95-80f2-b9cd1f3f544d	TCGA.PCPG.somaticsniper.d83b148c-fce2-4a95-80f2-b9cd1f3f544d.DR-6.0.somatic.maf.gz	b36c6e7822ac6798f9052f03ea6f792f	355321	live
11486c18-dd0d-41e0-8e5a-8256fe06308a	TCGA.CESC.varscan.11486c18-dd0d-41e0-8e5a-8256fe06308a.DR-6.0.somatic.maf.gz	ca842c8f67d95dd575390d473fe795f6	18967765	live
574d161b-aec7-4841-95b1-ae003fcef466	TCGA.DLBC.muse.574d161b-aec7-4841-95b1-ae003fcef466.DR-6.0.somatic.maf.gz	65054d07bef0f2392959cfa5bd5dbf91	1334449	live
9902a865-7477-4a5e-ac7f-1e42e693812d	TCGA.KIRC.muse.9902a865-7477-4a5e-ac7f-1e42e693812d.DR-6.0.somatic.maf.gz	5ba212995438eb2a071ec08f69b5ad86	4712401	live
57478d37-f425-4889-b4ea-e82309a4244e	TCGA.ACC.mutect.57478d37-f425-4889-b4ea-e82309a4244e.DR-6.0.somatic.maf.gz	bc90d0097501b58b8f2952d5f94dec81	2422517	live
c2def862-0136-410d-844c-7491ec01acbf	TCGA.OV.somaticsniper.c2def862-0136-410d-844c-7491ec01acbf.DR-6.0.somatic.maf.gz	bce4511b30074363792b8b06a7f086cc	6895837	live
411c650f-c938-4bd7-b958-3543ba6eaa47	TCGA.MESO.muse.411c650f-c938-4bd7-b958-3543ba6eaa47.DR-6.0.somatic.maf.gz	46077dcf537145e0445461fb3dbd7e23	746058	live
7e85de23-3855-4279-a3ac-a81827e4ccb6	TCGA.GBM.muse.7e85de23-3855-4279-a3ac-a81827e4ccb6.DR-6.0.somatic.maf.gz	941101f303d4decd4f55e060874bf47c	11308487	live
82fcd657-bad4-4e94-946b-2f160688421e	TCGA.CESC.somaticsniper.82fcd657-bad4-4e94-946b-2f160688421e.DR-6.0.somatic.maf.gz	124abf4bc80347723865f58f12da59bf	16845534	live
55e5bdff-e110-402b-a5ca-6251d8bf4daf	TCGA.SARC.somaticsniper.55e5bdff-e110-402b-a5ca-6251d8bf4daf.DR-6.0.somatic.maf.gz	1ebb2fffb75b02d0eb99df5e4e1b6b0a	4218186	live
71ed254c-6ce3-4844-a326-c897130b00c8	TCGA.PCPG.mutect.71ed254c-6ce3-4844-a326-c897130b00c8.DR-6.0.somatic.maf.gz	7bb4e3e5f50b27a606444994b1f84dfe	636924	live
68e05b3d-bc7a-4c34-bf30-09ee4733a941	TCGA.MESO.mutect.68e05b3d-bc7a-4c34-bf30-09ee4733a941.DR-6.0.somatic.maf.gz	6c031a2fd3bd33805158c6f212260838	1066754	live
aa0fe69e-aac2-4cea-935d-c7ecd9751372	TCGA.DLBC.mutect.aa0fe69e-aac2-4cea-935d-c7ecd9751372.DR-6.0.somatic.maf.gz	18565ab39aeea50b7b05e56e38be9a8e	1510014	live
a88b4065-34b4-4858-9c16-55def79c38f2	TCGA.STAD.mutect.a88b4065-34b4-4858-9c16-55def79c38f2.DR-6.0.somatic.maf.gz	9fc63e5304d5885b7ff64bfedf17133d	49773748	live
5c113608-3315-43be-9a23-53ba80b6eb55	TCGA.ACC.somaticsniper.5c113608-3315-43be-9a23-53ba80b6eb55.DR-6.0.somatic.maf.gz	71ad18a76189ea04393e0f368b1a8a34	2008608	live
403b4fed-558c-46e0-b7f4-99794e984164	TCGA.THYM.mutect.403b4fed-558c-46e0-b7f4-99794e984164.DR-6.0.somatic.maf.gz	33dde9393511351730c73efb0961fbde	1193120	live
a2924fe5-517a-4b69-9669-1ae1b72ad083	TCGA.PRAD.varscan.a2924fe5-517a-4b69-9669-1ae1b72ad083.DR-6.0.somatic.maf.gz	bec64a993aac2ab06590f3ced06a2034	5280547	live
cef59520-3564-450e-8eff-cb2cab35bb20	TCGA.CHOL.muse.cef59520-3564-450e-8eff-cb2cab35bb20.DR-6.0.somatic.maf.gz	6baabfc10776755d712010b86c250e94	850875	live
8855730e-21ad-4711-9be2-b58bc337834e	TCGA.BRCA.somaticsniper.8855730e-21ad-4711-9be2-b58bc337834e.DR-6.0.somatic.maf.gz	120ed6f8278f1b383cd1a71236e3627b	15148915	live
7a1fcc7c-5e93-440d-a020-fcf202c61b48	TCGA.HNSC.varscan.7a1fcc7c-5e93-440d-a020-fcf202c61b48.DR-6.0.somatic.maf.gz	42975fa25a2eaa1e141afa190bdd587b	19899596	live
b1d7a5c5-3292-4be3-88a5-0e9aaa076409	TCGA.KICH.somaticsniper.b1d7a5c5-3292-4be3-88a5-0e9aaa076409.DR-6.0.somatic.maf.gz	447618d12a12332ded8a858df9b02abc	478687	live
ddd7ac1c-0d23-4e36-b15f-0ecdb46663c5	TCGA.LAML.muse.ddd7ac1c-0d23-4e36-b15f-0ecdb46663c5.DR-6.0.somatic.maf.gz	bff83d8ca400a4f8daf256110fcc0677	803196	live
6ec1488d-1fa5-44df-ba41-aaad4db0f84d	TCGA.PRAD.muse.6ec1488d-1fa5-44df-ba41-aaad4db0f84d.DR-6.0.somatic.maf.gz	bd64531a1d1c01bf0bac57e4dc818394	5175031	live
bc35087a-858d-4859-8183-ddf3e342acac	TCGA.SKCM.muse.bc35087a-858d-4859-8183-ddf3e342acac.DR-6.0.somatic.maf.gz	8c8441e43017bbf89d95ede133278ad0	75209104	live
59256aea-371a-46fb-999c-55e3ba6c8645	TCGA.THYM.varscan.59256aea-371a-46fb-999c-55e3ba6c8645.DR-6.0.somatic.maf.gz	40a654290f4b0a11d839c272756c382e	637594	live
a6865577-d27c-4789-abe1-631b9f152a9d	TCGA.SARC.muse.a6865577-d27c-4789-abe1-631b9f152a9d.DR-6.0.somatic.maf.gz	3d6f26f9a990353f2ce036c6fa7f92f5	4813160	live
b69bc4f4-e9c0-47f9-a874-383256b76bc7	TCGA.LUSC.mutect.b69bc4f4-e9c0-47f9-a874-383256b76bc7.DR-6.0.somatic.maf.gz	c906cdc02be22b868cbb820ae4f06190	41879669	live
f3c21968-53b6-4a60-8e51-afefccd07499	TCGA.CHOL.varscan.f3c21968-53b6-4a60-8e51-afefccd07499.DR-6.0.somatic.maf.gz	d618a81c9d093331407ba83a316ad73a	889593	live
2969b2f9-290b-417a-96d2-811713970ecb	TCGA.LGG.mutect.2969b2f9-290b-417a-96d2-811713970ecb.DR-6.0.somatic.maf.gz	2b49dd250587ec8c2cd48c60296a6e8a	8397495	live
7f30fea6-bc2d-47b2-92bd-03542d2238f7	TCGA.HNSC.muse.7f30fea6-bc2d-47b2-92bd-03542d2238f7.DR-6.0.somatic.maf.gz	c49d75e66f521d2bf609af2f0b5aa057	19426199	live
9ced960d-0797-4a56-a45e-bc54ec25d022	TCGA.THCA.mutect.9ced960d-0797-4a56-a45e-bc54ec25d022.DR-6.0.somatic.maf.gz	ae01efe8d1fc85034e65ef87d5694fac	3536851	live
6410f811-2801-465a-8748-0dcd0b52fea0	TCGA.OV.muse.6410f811-2801-465a-8748-0dcd0b52fea0.DR-6.0.somatic.maf.gz	9e7ac05f5bb985205e5af9a6e43f5e1c	8565212	live
a1837f69-dc6c-4a5f-9096-c30ab7a578b3	TCGA.READ.somaticsniper.a1837f69-dc6c-4a5f-9096-c30ab7a578b3.DR-6.0.somatic.maf.gz	57ca92d5d09a77782b4e586b1db4351a	9821250	live
d150d4c0-10be-483f-8cbc-a198a31e5316	TCGA.ESCA.muse.d150d4c0-10be-483f-8cbc-a198a31e5316.DR-6.0.somatic.maf.gz	819a1ff486d086fa8282e604165188f6	7504039	live
feed966a-fb58-43b6-8fea-54b09e743133	TCGA.UCEC.somaticsniper.feed966a-fb58-43b6-8fea-54b09e743133.DR-6.0.somatic.maf.gz	f425e22f22e2063dc8de5fcde974fbe9	135844320	live
100a88f4-7b9f-464c-966e-4f339c6a3393	TCGA.BLCA.somaticsniper.100a88f4-7b9f-464c-966e-4f339c6a3393.DR-6.0.somatic.maf.gz	17de45b91825b8405c5cddd55fce3ab8	21159645	live
d99e0b0b-469a-46a5-a798-22034bfd380b	TCGA.UCS.varscan.d99e0b0b-469a-46a5-a798-22034bfd380b.DR-6.0.somatic.maf.gz	dc03e744747a0df232d1b20e228a78a0	2013831	live
cf549ca2-4aa2-4c7c-90d0-e917e700aa98	TCGA.BLCA.muse.cf549ca2-4aa2-4c7c-90d0-e917e700aa98.DR-6.0.somatic.maf.gz	afa6e06363b74d537a2c1da86516df96	26804430	live
e7825768-fe7b-4525-8334-5a675a57a75d	TCGA.UVM.muse.e7825768-fe7b-4525-8334-5a675a57a75d.DR-6.0.somatic.maf.gz	14e7e06cfeafcc045ac8ecee69927a81	356008	live
32e3b5b1-694e-44ad-a799-84fa0e3fb487	TCGA.TGCT.mutect.32e3b5b1-694e-44ad-a799-84fa0e3fb487.DR-6.0.somatic.maf.gz	dcb97741514e309499c087a270d537ca	815673	live
f7cd83ef-9549-4448-a107-894e41e603b9	TCGA.UVM.varscan.f7cd83ef-9549-4448-a107-894e41e603b9.DR-6.0.somatic.maf.gz	0465d1e31da9f439aeb4c8e81acc2eec	363684	live
67c275f1-6c67-4a49-8c07-676121c7dd7e	TCGA.LUSC.varscan.67c275f1-6c67-4a49-8c07-676121c7dd7e.DR-6.0.somatic.maf.gz	e937651d5ae0929ae5b897f6c9a78dd7	35177328	live
243830c4-1acc-49ec-a116-6f32914ccadb	TCGA.STAD.varscan.243830c4-1acc-49ec-a116-6f32914ccadb.DR-6.0.somatic.maf.gz	2fb09ba89b380606e32d18243fdeeea5	36031037	live
6fb7067d-10f3-4615-af27-036d52160714	TCGA.LUAD.muse.6fb7067d-10f3-4615-af27-036d52160714.DR-6.0.somatic.maf.gz	48dafcc7da76d66657da39a8557dcb12	37648574	live
63d99c6c-c71b-4240-8b20-13174f593cd1	TCGA.CESC.muse.63d99c6c-c71b-4240-8b20-13174f593cd1.DR-6.0.somatic.maf.gz	a2ebc89355e60f064544ce69c0e50748	18987575	live
af7880ce-86da-4f1d-851b-f28d7ed481e3	TCGA.READ.varscan.af7880ce-86da-4f1d-851b-f28d7ed481e3.DR-6.0.somatic.maf.gz	27ace58e9d7052b43c8135ab40abf66b	11618778	live
053e3955-5fbd-46d3-8a21-c3cde48ef9b4	TCGA.BRCA.varscan.053e3955-5fbd-46d3-8a21-c3cde48ef9b4.DR-6.0.somatic.maf.gz	e0e9e3d269b7acb0339c1e066cbac0fc	20011287	live
0e82dee2-b383-4ac5-8142-8ff45e76fd90	TCGA.STAD.muse.0e82dee2-b383-4ac5-8142-8ff45e76fd90.DR-6.0.somatic.maf.gz	7625df86004586e4fdc23b71165664c2	35674516	live
8fb5a06c-a022-40d3-afec-7c130c866e05	TCGA.PAAD.muse.8fb5a06c-a022-40d3-afec-7c130c866e05.DR-6.0.somatic.maf.gz	1d5342c6c866286f86c95fe1ad8db0cc	5684172	live
ab053ef1-1a06-4eb0-b29d-180651d70e2c	TCGA.KICH.muse.ab053ef1-1a06-4eb0-b29d-180651d70e2c.DR-6.0.somatic.maf.gz	3c31bf2e88ebe60965d71da269977772	519695	live
ab9ddffc-1f1f-43c9-83a6-f8e1ef7fb2d5	TCGA.LGG.somaticsniper.ab9ddffc-1f1f-43c9-83a6-f8e1ef7fb2d5.DR-6.0.somatic.maf.gz	ac8d7de21995ebb2ece07bb4a5852319	5397005	live
ac2e6571-08f8-4bcb-b821-4cc4c0e2eaeb	TCGA.UCS.muse.ac2e6571-08f8-4bcb-b821-4cc4c0e2eaeb.DR-6.0.somatic.maf.gz	6d8e5934f5f0e657b28195d4dc2e4a5b	2061365	live
c6c7cc68-dc7d-40aa-a15f-1833d7ccad1a	TCGA.READ.muse.c6c7cc68-dc7d-40aa-a15f-1833d7ccad1a.DR-6.0.somatic.maf.gz	bc685e94035a875330245f6c05fdfcf9	11519189	live
a0dd3426-6676-4451-b5ee-9e4dcbf9ef6f	TCGA.COAD.varscan.a0dd3426-6676-4451-b5ee-9e4dcbf9ef6f.DR-6.0.somatic.maf.gz	a9eee099618643ea82eeaf66346e7e27	46096109	live
b93b1661-7cbc-48f9-830c-f3b9fb099bde	TCGA.CHOL.somaticsniper.b93b1661-7cbc-48f9-830c-f3b9fb099bde.DR-6.0.somatic.maf.gz	716479fe4ba3244861c7906c36cbedb4	779548	live
934cc4d2-56f3-40e1-a359-75f4e60294d5	TCGA.UCEC.mutect.934cc4d2-56f3-40e1-a359-75f4e60294d5.DR-6.0.somatic.maf.gz	852ff6d98f5231c574b48fe7756ab3d7	172231043	live
8d418c30-6458-4b79-8630-eb037d2d8475	TCGA.UCEC.varscan.8d418c30-6458-4b79-8630-eb037d2d8475.DR-6.0.somatic.maf.gz	e1301fc339634ae32a9d3312e59633b0	150940963	live
910e05df-8e69-4812-bb44-d337ffe4437a	TCGA.KIRP.varscan.910e05df-8e69-4812-bb44-d337ffe4437a.DR-6.0.somatic.maf.gz	91367afcc409bb21d48328962e954f01	5475287	live
be42922b-5b8c-48c0-b9b7-7aad2bfb87fc	TCGA.ACC.muse.be42922b-5b8c-48c0-b9b7-7aad2bfb87fc.DR-6.0.somatic.maf.gz	7564d7f3cd67df9a41f5731edbbefa20	2106260	live
273c2a4d-eefc-4adb-a8b3-a02662b06c84	TCGA.LAML.varscan.273c2a4d-eefc-4adb-a8b3-a02662b06c84.DR-6.0.somatic.maf.gz	0552e0922068d9d7543823676394ef7c	941892	live
e3c44af1-9e65-45df-b780-005b528cf294	TCGA.COAD.muse.e3c44af1-9e65-45df-b780-005b528cf294.DR-6.0.somatic.maf.gz	83b65cf99cec282c9aafebf0c50371e7	45873145	live
6ffc2fb8-4002-41fd-b4d1-da1645874d30	TCGA.PAAD.varscan.6ffc2fb8-4002-41fd-b4d1-da1645874d30.DR-6.0.somatic.maf.gz	29bc9eb05ba16e73d362b3e02759518b	4721081	live
f3992fbc-45e4-4f33-97c8-ab3636235cfc	TCGA.KIRC.mutect.f3992fbc-45e4-4f33-97c8-ab3636235cfc.DR-6.0.somatic.maf.gz	430ca9dadfe4f02278c605d2b476e8c1	6841140	live
af65d530-7976-4cd0-8ec5-2af0f4dbb3a6	TCGA.COAD.mutect.af65d530-7976-4cd0-8ec5-2af0f4dbb3a6.DR-6.0.somatic.maf.gz	56ac3507ce08a2cf34d19e9b3f9cd618	59378179	live
966ebf28-43c2-4775-b4a3-c1b69a752f63	TCGA.TGCT.somaticsniper.966ebf28-43c2-4775-b4a3-c1b69a752f63.DR-6.0.somatic.maf.gz	1048d54a2bc7a13c30d97a9c1bf5338a	414119	live
e65f106a-ac7f-4ead-b2bc-e53be4319650	TCGA.COAD.somaticsniper.e65f106a-ac7f-4ead-b2bc-e53be4319650.DR-6.0.somatic.maf.gz	3d90c0ba9d77d38964d9e53c999cf598	37298194	live
98b018f5-34b4-4672-9355-733f881a5bd3	TCGA.ESCA.somaticsniper.98b018f5-34b4-4672-9355-733f881a5bd3.DR-6.0.somatic.maf.gz	be20564f9f1388c4ed08f32af1ff6549	6595563	live
2a2d3f3c-6b69-42c2-8057-3ba7d69fb833	TCGA.LIHC.muse.2a2d3f3c-6b69-42c2-8057-3ba7d69fb833.DR-6.0.somatic.maf.gz	23825955084e210a8c966063fad4e0c1	10773994	live
a2fb07f1-ba54-43dd-92cb-72cbe7f4a896	TCGA.TGCT.muse.a2fb07f1-ba54-43dd-92cb-72cbe7f4a896.DR-6.0.somatic.maf.gz	67505bec2d8df63d78fcd19b9dc8cde1	557618	live
53e07c68-8a5e-473e-ba77-bc4b1c075548	TCGA.SARC.mutect.53e07c68-8a5e-473e-ba77-bc4b1c075548.DR-6.0.somatic.maf.gz	14ddc1a6924d292f32787e689c6a4dbd	6423974	live
2da7fc47-4910-48f8-b12d-e2085a74db85	TCGA.LAML.somaticsniper.2da7fc47-4910-48f8-b12d-e2085a74db85.DR-6.0.somatic.maf.gz	9495d23bd36172a3188d2e24eb68d2c4	712496	live
4cf03990-d1a7-408a-b40b-5cef535f3d6a	TCGA.THCA.somaticsniper.4cf03990-d1a7-408a-b40b-5cef535f3d6a.DR-6.0.somatic.maf.gz	e24ae049828191c95c0e4d7512b068af	1055329	live
